<annotation>
	<folder>For training</folder>
	<filename>c4aafc3df2bf520812a72afa1bfce6d3_c2Ftc2V0cHJvamVjdC5uZXQJMTg1LjExOS4xNzMuMjQ2-1-3.png</filename>
	<path>/home/rahuls/Projects/Data Extraction from charts/Images/For training/c4aafc3df2bf520812a72afa1bfce6d3_c2Ftc2V0cHJvamVjdC5uZXQJMTg1LjExOS4xNzMuMjQ2-1-3.png</path>
	<source>
		<database>Unknown</database>
	</source>
	<size>
		<width>572</width>
		<height>328</height>
		<depth>3</depth>
	</size>
	<segmented>0</segmented>
	<object>
		<name>bar</name>
		<pose>Unspecified</pose>
		<truncated>0</truncated>
		<difficult>0</difficult>
		<bndbox>
			<xmin>12</xmin>
			<ymin>8</ymin>
			<xmax>565</xmax>
			<ymax>313</ymax>
		</bndbox>
	</object>
</annotation>
