<annotation>
	<folder>For training</folder>
	<filename>c4af45965e58ee1775250b49ad36b99b_aG9tZS5rdS5lZHUudHIJODguMjU1Ljk2LjI4.xls-8-0.png</filename>
	<path>/home/rahuls/Projects/Data Extraction from charts/Images/For training/c4af45965e58ee1775250b49ad36b99b_aG9tZS5rdS5lZHUudHIJODguMjU1Ljk2LjI4.xls-8-0.png</path>
	<source>
		<database>Unknown</database>
	</source>
	<size>
		<width>901</width>
		<height>613</height>
		<depth>3</depth>
	</size>
	<segmented>0</segmented>
	<object>
		<name>bar</name>
		<pose>Unspecified</pose>
		<truncated>1</truncated>
		<difficult>0</difficult>
		<bndbox>
			<xmin>9</xmin>
			<ymin>6</ymin>
			<xmax>901</xmax>
			<ymax>612</ymax>
		</bndbox>
	</object>
</annotation>
