<annotation>
	<folder>For training</folder>
	<filename>c4ed333f5e93529a5d3f9a7075b3cdbf_d3d3LmNvcnJlZ2lkb3JhLmdvYi5teAk2OS40OS4xMTUuNDA=-0-2.png</filename>
	<path>/home/rahuls/Projects/Data Extraction from charts/Images/For training/c4ed333f5e93529a5d3f9a7075b3cdbf_d3d3LmNvcnJlZ2lkb3JhLmdvYi5teAk2OS40OS4xMTUuNDA=-0-2.png</path>
	<source>
		<database>Unknown</database>
	</source>
	<size>
		<width>554</width>
		<height>328</height>
		<depth>3</depth>
	</size>
	<segmented>0</segmented>
	<object>
		<name>bar</name>
		<pose>Unspecified</pose>
		<truncated>1</truncated>
		<difficult>0</difficult>
		<bndbox>
			<xmin>8</xmin>
			<ymin>1</ymin>
			<xmax>546</xmax>
			<ymax>317</ymax>
		</bndbox>
	</object>
</annotation>
