<annotation>
	<folder>For training</folder>
	<filename>c4f7a5ea4731e13190303f79186cca1c_d3d3LmluZGVwZW5kZW5jZWxlZC5jb20JMTk4LjcxLjIzMy43-0-0.png</filename>
	<path>/home/rahuls/Projects/Data Extraction from charts/Images/For training/c4f7a5ea4731e13190303f79186cca1c_d3d3LmluZGVwZW5kZW5jZWxlZC5jb20JMTk4LjcxLjIzMy43-0-0.png</path>
	<source>
		<database>Unknown</database>
	</source>
	<size>
		<width>479</width>
		<height>383</height>
		<depth>3</depth>
	</size>
	<segmented>0</segmented>
	<object>
		<name>bar</name>
		<pose>Unspecified</pose>
		<truncated>1</truncated>
		<difficult>0</difficult>
		<bndbox>
			<xmin>10</xmin>
			<ymin>1</ymin>
			<xmax>476</xmax>
			<ymax>368</ymax>
		</bndbox>
	</object>
</annotation>
