<annotation>
	<folder>For training</folder>
	<filename>c5a061c49e2ea1c38c7d21feb20a04b7_d3d3LnNhbGlzYnVyeS5lZHUJMTMxLjExOC4zMy4yMDE=.xls-0-0.png</filename>
	<path>/home/rahuls/Projects/Data Extraction from charts/Images/For training/c5a061c49e2ea1c38c7d21feb20a04b7_d3d3LnNhbGlzYnVyeS5lZHUJMTMxLjExOC4zMy4yMDE=.xls-0-0.png</path>
	<source>
		<database>Unknown</database>
	</source>
	<size>
		<width>579</width>
		<height>404</height>
		<depth>3</depth>
	</size>
	<segmented>0</segmented>
	<object>
		<name>bar</name>
		<pose>Unspecified</pose>
		<truncated>1</truncated>
		<difficult>0</difficult>
		<bndbox>
			<xmin>8</xmin>
			<ymin>16</ymin>
			<xmax>579</xmax>
			<ymax>404</ymax>
		</bndbox>
	</object>
</annotation>
