<annotation>
	<folder>For training</folder>
	<filename>c5acbe02eabe59937dffec37123b7d0a_d3d3LmhpbGxpbmdkb24uZ292LnVrCTgyLjE1My4yMTYuMjE4.xls-1-0.png</filename>
	<path>/home/rahuls/Projects/Data Extraction from charts/Images/For training/c5acbe02eabe59937dffec37123b7d0a_d3d3LmhpbGxpbmdkb24uZ292LnVrCTgyLjE1My4yMTYuMjE4.xls-1-0.png</path>
	<source>
		<database>Unknown</database>
	</source>
	<size>
		<width>901</width>
		<height>613</height>
		<depth>3</depth>
	</size>
	<segmented>0</segmented>
	<object>
		<name>bar</name>
		<pose>Unspecified</pose>
		<truncated>1</truncated>
		<difficult>0</difficult>
		<bndbox>
			<xmin>1</xmin>
			<ymin>18</ymin>
			<xmax>901</xmax>
			<ymax>604</ymax>
		</bndbox>
	</object>
</annotation>
