<annotation>
	<folder>For training</folder>
	<filename>c5ad49f99c278fa377fd6f1a280b659b_d3d3LmRhdmlzZWxlY3RyaWNmbC5jb20JMTk5LjM0LjIyOC41Nw==-1-0.png</filename>
	<path>/home/rahuls/Projects/Data Extraction from charts/Images/For training/c5ad49f99c278fa377fd6f1a280b659b_d3d3LmRhdmlzZWxlY3RyaWNmbC5jb20JMTk5LjM0LjIyOC41Nw==-1-0.png</path>
	<source>
		<database>Unknown</database>
	</source>
	<size>
		<width>306</width>
		<height>363</height>
		<depth>3</depth>
	</size>
	<segmented>0</segmented>
	<object>
		<name>bar</name>
		<pose>Unspecified</pose>
		<truncated>1</truncated>
		<difficult>0</difficult>
		<bndbox>
			<xmin>1</xmin>
			<ymin>3</ymin>
			<xmax>295</xmax>
			<ymax>355</ymax>
		</bndbox>
	</object>
</annotation>
