<annotation>
	<folder>For training</folder>
	<filename>c5bfc7a35428798ce554532a4b5f491c_d3d3LmVuaXNzaS5jb20JMTU3LjcuMTQ0LjY5.xls-0-0.png</filename>
	<path>/home/rahuls/Projects/Data Extraction from charts/Images/For training/c5bfc7a35428798ce554532a4b5f491c_d3d3LmVuaXNzaS5jb20JMTU3LjcuMTQ0LjY5.xls-0-0.png</path>
	<source>
		<database>Unknown</database>
	</source>
	<size>
		<width>507</width>
		<height>326</height>
		<depth>3</depth>
	</size>
	<segmented>0</segmented>
	<object>
		<name>bar</name>
		<pose>Unspecified</pose>
		<truncated>0</truncated>
		<difficult>0</difficult>
		<bndbox>
			<xmin>3</xmin>
			<ymin>3</ymin>
			<xmax>502</xmax>
			<ymax>316</ymax>
		</bndbox>
	</object>
</annotation>
