<annotation>
	<folder>For training</folder>
	<filename>c5d29e57bc16d85d7a4461f512699026_Z3JvdC5jb20JMTkyLjE4Ni4yMjkuMTcy.xls-4-0.png</filename>
	<path>/home/rahuls/Projects/Data Extraction from charts/Images/For training/c5d29e57bc16d85d7a4461f512699026_Z3JvdC5jb20JMTkyLjE4Ni4yMjkuMTcy.xls-4-0.png</path>
	<source>
		<database>Unknown</database>
	</source>
	<size>
		<width>901</width>
		<height>613</height>
		<depth>3</depth>
	</size>
	<segmented>0</segmented>
	<object>
		<name>bar</name>
		<pose>Unspecified</pose>
		<truncated>1</truncated>
		<difficult>0</difficult>
		<bndbox>
			<xmin>6</xmin>
			<ymin>3</ymin>
			<xmax>901</xmax>
			<ymax>612</ymax>
		</bndbox>
	</object>
</annotation>
