<annotation>
	<folder>For training</folder>
	<filename>c5e1c0d70f92695f6fa98c3a82372a98_d3d3LnBvcnRwYy5wbAk5NC4xNTIuMTk1LjEyNQ==.xls-1-1.png</filename>
	<path>/home/rahuls/Projects/Data Extraction from charts/Images/For training/c5e1c0d70f92695f6fa98c3a82372a98_d3d3LnBvcnRwYy5wbAk5NC4xNTIuMTk1LjEyNQ==.xls-1-1.png</path>
	<source>
		<database>Unknown</database>
	</source>
	<size>
		<width>428</width>
		<height>269</height>
		<depth>3</depth>
	</size>
	<segmented>0</segmented>
	<object>
		<name>bar</name>
		<pose>Unspecified</pose>
		<truncated>0</truncated>
		<difficult>0</difficult>
		<bndbox>
			<xmin>16</xmin>
			<ymin>11</ymin>
			<xmax>416</xmax>
			<ymax>247</ymax>
		</bndbox>
	</object>
</annotation>
