<annotation>
	<folder>For training</folder>
	<filename>fa17e7508c43142828276534a0335fa8_d3d3LnNjYi5zZQkxOTMuMTgwLjEyNC45MQ==-3-3.png</filename>
	<path>/home/rahuls/Projects/Data Extraction from charts/Images/For training/fa17e7508c43142828276534a0335fa8_d3d3LnNjYi5zZQkxOTMuMTgwLjEyNC45MQ==-3-3.png</path>
	<source>
		<database>Unknown</database>
	</source>
	<size>
		<width>476</width>
		<height>365</height>
		<depth>3</depth>
	</size>
	<segmented>0</segmented>
	<object>
		<name>line</name>
		<pose>Unspecified</pose>
		<truncated>0</truncated>
		<difficult>0</difficult>
		<bndbox>
			<xmin>11</xmin>
			<ymin>5</ymin>
			<xmax>475</xmax>
			<ymax>346</ymax>
		</bndbox>
	</object>
</annotation>
