<annotation>
	<folder>For training</folder>
	<filename>fa1ce690145e4ccad17b306bfeaf9cc1_d3d3LnN0dWR5cG9vbC5jb20JMTA0LjIwLjYzLjIy.xls-3-0.png</filename>
	<path>/home/rahuls/Projects/Data Extraction from charts/Images/For training/fa1ce690145e4ccad17b306bfeaf9cc1_d3d3LnN0dWR5cG9vbC5jb20JMTA0LjIwLjYzLjIy.xls-3-0.png</path>
	<source>
		<database>Unknown</database>
	</source>
	<size>
		<width>481</width>
		<height>293</height>
		<depth>3</depth>
	</size>
	<segmented>0</segmented>
	<object>
		<name>line</name>
		<pose>Unspecified</pose>
		<truncated>0</truncated>
		<difficult>0</difficult>
		<bndbox>
			<xmin>6</xmin>
			<ymin>7</ymin>
			<xmax>479</xmax>
			<ymax>282</ymax>
		</bndbox>
	</object>
</annotation>
