<annotation>
	<folder>For training</folder>
	<filename>fa266c2d49db01fdb7ce6ea711764300_d3d3Lmdvdi5zY290CTEzNC4xOS4xNjEuMjQ5-37-0.png</filename>
	<path>/home/rahuls/Projects/Data Extraction from charts/Images/For training/fa266c2d49db01fdb7ce6ea711764300_d3d3Lmdvdi5zY290CTEzNC4xOS4xNjEuMjQ5-37-0.png</path>
	<source>
		<database>Unknown</database>
	</source>
	<size>
		<width>417</width>
		<height>209</height>
		<depth>3</depth>
	</size>
	<segmented>0</segmented>
	<object>
		<name>pie</name>
		<pose>Unspecified</pose>
		<truncated>0</truncated>
		<difficult>0</difficult>
		<bndbox>
			<xmin>17</xmin>
			<ymin>10</ymin>
			<xmax>356</xmax>
			<ymax>198</ymax>
		</bndbox>
	</object>
</annotation>
