<annotation>
	<folder>For training</folder>
	<filename>fa2ae6dee93bbfcdf4821f1c98775c30_d3d3MS5zYXVkZS5iYS5nb3YuYnIJMjAwLjE4Ny42Ljcw.xls-5-0.png</filename>
	<path>/home/rahuls/Projects/Data Extraction from charts/Images/For training/fa2ae6dee93bbfcdf4821f1c98775c30_d3d3MS5zYXVkZS5iYS5nb3YuYnIJMjAwLjE4Ny42Ljcw.xls-5-0.png</path>
	<source>
		<database>Unknown</database>
	</source>
	<size>
		<width>545</width>
		<height>679</height>
		<depth>3</depth>
	</size>
	<segmented>0</segmented>
	<object>
		<name>pie</name>
		<pose>Unspecified</pose>
		<truncated>0</truncated>
		<difficult>0</difficult>
		<bndbox>
			<xmin>11</xmin>
			<ymin>13</ymin>
			<xmax>533</xmax>
			<ymax>652</ymax>
		</bndbox>
	</object>
</annotation>
