<annotation>
	<folder>For training</folder>
	<filename>fa2b458924a7cd76981a43222a00fa68_d3d3LmNpdHkubnVtYXp1LnNoaXp1b2thLmpwCTQyLjEyNS4yNDAuMTQ=.xls-0-1.png</filename>
	<path>/home/rahuls/Projects/Data Extraction from charts/Images/For training/fa2b458924a7cd76981a43222a00fa68_d3d3LmNpdHkubnVtYXp1LnNoaXp1b2thLmpwCTQyLjEyNS4yNDAuMTQ=.xls-0-1.png</path>
	<source>
		<database>Unknown</database>
	</source>
	<size>
		<width>692</width>
		<height>514</height>
		<depth>3</depth>
	</size>
	<segmented>0</segmented>
	<object>
		<name>pie</name>
		<pose>Unspecified</pose>
		<truncated>0</truncated>
		<difficult>0</difficult>
		<bndbox>
			<xmin>18</xmin>
			<ymin>3</ymin>
			<xmax>617</xmax>
			<ymax>500</ymax>
		</bndbox>
	</object>
</annotation>
