<annotation>
	<folder>For training</folder>
	<filename>fa2de5bfe6a26537d89ac75e5d79eb01_c3RhdGlzdGlrLnRodWVyaW5nZW4uZGUJMTk1LjE5MS4xNS4xNTU=.xls-51-1.png</filename>
	<path>/home/rahuls/Projects/Data Extraction from charts/Images/For training/fa2de5bfe6a26537d89ac75e5d79eb01_c3RhdGlzdGlrLnRodWVyaW5nZW4uZGUJMTk1LjE5MS4xNS4xNTU=.xls-51-1.png</path>
	<source>
		<database>Unknown</database>
	</source>
	<size>
		<width>526</width>
		<height>506</height>
		<depth>3</depth>
	</size>
	<segmented>0</segmented>
	<object>
		<name>pie</name>
		<pose>Unspecified</pose>
		<truncated>1</truncated>
		<difficult>0</difficult>
		<bndbox>
			<xmin>30</xmin>
			<ymin>3</ymin>
			<xmax>506</xmax>
			<ymax>506</ymax>
		</bndbox>
	</object>
</annotation>
