<annotation>
	<folder>For training</folder>
	<filename>fa2da4efd5d9a904135c00f97d7508c2_d3d3LmxlYi5lc2FscS51c3AuYnIJMjAwLjE0NC4yNTUuNzA=.xls-0-2.png</filename>
	<path>/home/rahuls/Projects/Data Extraction from charts/Images/For training/fa2da4efd5d9a904135c00f97d7508c2_d3d3LmxlYi5lc2FscS51c3AuYnIJMjAwLjE0NC4yNTUuNzA=.xls-0-2.png</path>
	<source>
		<database>Unknown</database>
	</source>
	<size>
		<width>572</width>
		<height>370</height>
		<depth>3</depth>
	</size>
	<segmented>0</segmented>
	<object>
		<name>line</name>
		<pose>Unspecified</pose>
		<truncated>0</truncated>
		<difficult>0</difficult>
		<bndbox>
			<xmin>20</xmin>
			<ymin>11</ymin>
			<xmax>569</xmax>
			<ymax>336</ymax>
		</bndbox>
	</object>
</annotation>
