<annotation>
	<folder>For training</folder>
	<filename>fa3a774af582169e86c4521787bd592d_d3d3LmFyY290ZWwuZ29iLmVjCTE3OS40OS4yLjEzMQ==.xls-6-0.png</filename>
	<path>/home/rahuls/Projects/Data Extraction from charts/Images/For training/fa3a774af582169e86c4521787bd592d_d3d3LmFyY290ZWwuZ29iLmVjCTE3OS40OS4yLjEzMQ==.xls-6-0.png</path>
	<source>
		<database>Unknown</database>
	</source>
	<size>
		<width>1042</width>
		<height>613</height>
		<depth>3</depth>
	</size>
	<segmented>0</segmented>
	<object>
		<name>pie</name>
		<pose>Unspecified</pose>
		<truncated>0</truncated>
		<difficult>0</difficult>
		<bndbox>
			<xmin>173</xmin>
			<ymin>7</ymin>
			<xmax>824</xmax>
			<ymax>602</ymax>
		</bndbox>
	</object>
</annotation>
