<annotation>
	<folder>For training</folder>
	<filename>fa45c4f665db123c947ab1674537f683_ZHNzYnIub3JnCTE4Ny40NS4yNDAuMzY=-2-0.png</filename>
	<path>/home/rahuls/Projects/Data Extraction from charts/Images/For training/fa45c4f665db123c947ab1674537f683_ZHNzYnIub3JnCTE4Ny40NS4yNDAuMzY=-2-0.png</path>
	<source>
		<database>Unknown</database>
	</source>
	<size>
		<width>481</width>
		<height>349</height>
		<depth>3</depth>
	</size>
	<segmented>0</segmented>
	<object>
		<name>line</name>
		<pose>Unspecified</pose>
		<truncated>0</truncated>
		<difficult>0</difficult>
		<bndbox>
			<xmin>10</xmin>
			<ymin>9</ymin>
			<xmax>470</xmax>
			<ymax>340</ymax>
		</bndbox>
	</object>
</annotation>
