<annotation>
	<folder>For training</folder>
	<filename>fa4b64bb3802b2220580b7c7867c9485_ZGV2aW5mby5zdGF0Lmdvdi5ycwkxOTUuMjIyLjk2Ljkx-1-1.png</filename>
	<path>/home/rahuls/Projects/Data Extraction from charts/Images/For training/fa4b64bb3802b2220580b7c7867c9485_ZGV2aW5mby5zdGF0Lmdvdi5ycwkxOTUuMjIyLjk2Ljkx-1-1.png</path>
	<source>
		<database>Unknown</database>
	</source>
	<size>
		<width>606</width>
		<height>427</height>
		<depth>3</depth>
	</size>
	<segmented>0</segmented>
	<object>
		<name>line</name>
		<pose>Unspecified</pose>
		<truncated>1</truncated>
		<difficult>0</difficult>
		<bndbox>
			<xmin>11</xmin>
			<ymin>1</ymin>
			<xmax>595</xmax>
			<ymax>422</ymax>
		</bndbox>
	</object>
</annotation>
