<annotation>
	<folder>For training</folder>
	<filename>fa5cd15313449834cefef28e89cd2bff_dHJhY3NhYmxvZy50eXBlcGFkLmNvbQkxMDQuMTYuMTA1LjEyMw==-1-0.png</filename>
	<path>/home/rahuls/Projects/Data Extraction from charts/Images/For training/fa5cd15313449834cefef28e89cd2bff_dHJhY3NhYmxvZy50eXBlcGFkLmNvbQkxMDQuMTYuMTA1LjEyMw==-1-0.png</path>
	<source>
		<database>Unknown</database>
	</source>
	<size>
		<width>650</width>
		<height>553</height>
		<depth>3</depth>
	</size>
	<segmented>0</segmented>
	<object>
		<name>pie</name>
		<pose>Unspecified</pose>
		<truncated>0</truncated>
		<difficult>0</difficult>
		<bndbox>
			<xmin>96</xmin>
			<ymin>11</ymin>
			<xmax>556</xmax>
			<ymax>512</ymax>
		</bndbox>
	</object>
</annotation>
