<annotation>
	<folder>For training</folder>
	<filename>fa5dd72557d86badbad8b0b0c89bedbc_d3d3LmVuZXJnaW15bmRpZ2hldGVuLnNlCTE5NS42Ny43Ni4yNDg=-2-1.png</filename>
	<path>/home/rahuls/Projects/Data Extraction from charts/Images/For training/fa5dd72557d86badbad8b0b0c89bedbc_d3d3LmVuZXJnaW15bmRpZ2hldGVuLnNlCTE5NS42Ny43Ni4yNDg=-2-1.png</path>
	<source>
		<database>Unknown</database>
	</source>
	<size>
		<width>606</width>
		<height>551</height>
		<depth>3</depth>
	</size>
	<segmented>0</segmented>
	<object>
		<name>pie</name>
		<pose>Unspecified</pose>
		<truncated>0</truncated>
		<difficult>0</difficult>
		<bndbox>
			<xmin>2</xmin>
			<ymin>6</ymin>
			<xmax>518</xmax>
			<ymax>506</ymax>
		</bndbox>
	</object>
</annotation>
