<annotation>
	<folder>For training</folder>
	<filename>fa5fe0ad16ed3d183760e051e0640fd8_d3d3Lm1hcGFtYS5nb2IuZXMJMTA0LjgwLjg4LjExMg==-0-1.png</filename>
	<path>/home/rahuls/Projects/Data Extraction from charts/Images/For training/fa5fe0ad16ed3d183760e051e0640fd8_d3d3Lm1hcGFtYS5nb2IuZXMJMTA0LjgwLjg4LjExMg==-0-1.png</path>
	<source>
		<database>Unknown</database>
	</source>
	<size>
		<width>1040</width>
		<height>418</height>
		<depth>3</depth>
	</size>
	<segmented>0</segmented>
	<object>
		<name>line</name>
		<pose>Unspecified</pose>
		<truncated>0</truncated>
		<difficult>0</difficult>
		<bndbox>
			<xmin>15</xmin>
			<ymin>8</ymin>
			<xmax>1022</xmax>
			<ymax>409</ymax>
		</bndbox>
	</object>
</annotation>
