<annotation>
	<folder>For training</folder>
	<filename>fa65b7196ce31c7a2c0167a46d81360d_d3d3LnB1YmxpYy5hc3UuZWR1CTEwNC4xNi41MC4xNA==.xls-0-3.png</filename>
	<path>/home/rahuls/Projects/Data Extraction from charts/Images/For training/fa65b7196ce31c7a2c0167a46d81360d_d3d3LnB1YmxpYy5hc3UuZWR1CTEwNC4xNi41MC4xNA==.xls-0-3.png</path>
	<source>
		<database>Unknown</database>
	</source>
	<size>
		<width>1582</width>
		<height>770</height>
		<depth>3</depth>
	</size>
	<segmented>0</segmented>
	<object>
		<name>pie</name>
		<pose>Unspecified</pose>
		<truncated>1</truncated>
		<difficult>0</difficult>
		<bndbox>
			<xmin>356</xmin>
			<ymin>13</ymin>
			<xmax>1582</xmax>
			<ymax>753</ymax>
		</bndbox>
	</object>
</annotation>
