<annotation>
	<folder>For training</folder>
	<filename>fa68fc5bec9a2f43f58cc9205fabf9a7_bnBjLm5pa2tlaWJwLmNvLmpwCTIxOC4yMTYuMjUuMTE4.xls-1-0.png</filename>
	<path>/home/rahuls/Projects/Data Extraction from charts/Images/For training/fa68fc5bec9a2f43f58cc9205fabf9a7_bnBjLm5pa2tlaWJwLmNvLmpwCTIxOC4yMTYuMjUuMTE4.xls-1-0.png</path>
	<source>
		<database>Unknown</database>
	</source>
	<size>
		<width>523</width>
		<height>362</height>
		<depth>3</depth>
	</size>
	<segmented>0</segmented>
	<object>
		<name>pie</name>
		<pose>Unspecified</pose>
		<truncated>0</truncated>
		<difficult>0</difficult>
		<bndbox>
			<xmin>88</xmin>
			<ymin>7</ymin>
			<xmax>439</xmax>
			<ymax>346</ymax>
		</bndbox>
	</object>
</annotation>
