<annotation>
	<folder>For training</folder>
	<filename>fa6edc233655bd4d579da22c602d60d0_d3d3LmNpdHkuZnVrdWktc2FrYWkubGcuanAJMjIwLjIxMy4xODguMTQ0.xls-0-2.png</filename>
	<path>/home/rahuls/Projects/Data Extraction from charts/Images/For training/fa6edc233655bd4d579da22c602d60d0_d3d3LmNpdHkuZnVrdWktc2FrYWkubGcuanAJMjIwLjIxMy4xODguMTQ0.xls-0-2.png</path>
	<source>
		<database>Unknown</database>
	</source>
	<size>
		<width>234</width>
		<height>219</height>
		<depth>3</depth>
	</size>
	<segmented>0</segmented>
	<object>
		<name>pie</name>
		<pose>Unspecified</pose>
		<truncated>0</truncated>
		<difficult>0</difficult>
		<bndbox>
			<xmin>14</xmin>
			<ymin>3</ymin>
			<xmax>223</xmax>
			<ymax>209</ymax>
		</bndbox>
	</object>
</annotation>
